time,short distance,hyper volume,B4TWR7.fasta.txt


cycle : 25, pop_size : 128
0.120103,0.619577,0.465420
0.119864,0.620616,0.465166

cycle : 25, pop_size : 256
0.232838,0.605877,0.476333
0.233164,0.609968,0.471311

cycle : 50, pop_size : 128
0.234873,0.601512,0.477220
0.234631,0.592402,0.482311

cycle : 50, pop_size : 256
0.458009,0.589545,0.481790
0.457759,0.589942,0.483030
