time,short distance,hyper volume,B3LS90.fasta.txt


cycle : 25, pop_size : 128
0.133684,0.557416,0.528934
0.133535,0.552112,0.523562

cycle : 25, pop_size : 256
0.259710,0.548282,0.531444
0.259377,0.559840,0.529621

cycle : 50, pop_size : 128
0.261182,0.536765,0.539490
0.261111,0.535219,0.539877

cycle : 50, pop_size : 256
0.511469,0.535118,0.543465
0.512163,0.534263,0.544010
