time,short distance,hyper volume,A4Y1B6.fasta.txt


cycle : 25, pop_size : 128
0.091528,0.609681,0.489857
0.091825,0.604617,0.494249

cycle : 25, pop_size : 256
0.177322,0.608931,0.496457
0.177906,0.602144,0.493912

cycle : 50, pop_size : 128
0.179520,0.580947,0.500586
0.179184,0.575612,0.504652

cycle : 50, pop_size : 256
0.348708,0.576533,0.509478
0.348784,0.577066,0.508871
