time,short distance,hyper volume,Q5VZP5.fasta.txt


cycle : 25, pop_size : 128
0.120410,0.545360,0.568523
0.110144,0.545940,0.563300

cycle : 25, pop_size : 256
0.212590,0.550398,0.572706
0.212241,0.543846,0.576044

cycle : 50, pop_size : 128
0.213884,0.524415,0.580802
0.214708,0.518755,0.577526

cycle : 50, pop_size : 256
0.418018,0.518442,0.599075
0.417515,0.525354,0.589961
