time,short distance,hyper volume,Q89BP2.fasta.txt


cycle : 25, pop_size : 128
0.145122,0.623593,0.462470
0.145155,0.626320,0.467383

cycle : 25, pop_size : 256
0.282426,0.627853,0.469376
0.282118,0.619072,0.468679

cycle : 50, pop_size : 128
0.283703,0.604789,0.482862
0.284000,0.603725,0.475631

cycle : 50, pop_size : 256
0.555263,0.604213,0.486318
0.554707,0.597669,0.483268
